{
  "palette": {
    "common": { "black": "#000", "white": "#fff" },
    "background": { "paper": "#fff", "default": "#fafafa" },
    "primary": {
      "light": "rgba(57, 69, 120, 1)",
      "main": "rgba(58, 69, 120, 1)",
      "dark": "rgba(49, 63, 92, 1)",
      "contrastText": "#fff"
    },
    "secondary": {
      "light": "rgba(246, 153, 163, 1)",
      "main": "rgba(241, 72, 128, 1)",
      "dark": "rgba(234, 83, 129, 1)",
      "contrastText": "#fff"
    },
    "error": {
      "light": "rgba(199, 110, 108, 1)",
      "main": "rgba(185, 74, 72, 1)",
      "dark": "rgba(129, 51, 50, 1)",
      "contrastText": "#fff"
    },
    "text": {
      "primary": "#394578",
      "secondary": "rgba(0, 0, 0, 0.54)",
      "disabled": "#7b7b7b",
      "hint": "rgba(0, 0, 0, 0.38)"
    },
    "overallButoon":{
      "primary":"#f36e23",
      "contrastText": "#fff"
}
  }
}
